company_name;first_name;last_name;email
inetum;Jean;Dubois;participant001@fixture.example.com
inetum;Marie;Roux;participant002@fixture.example.com
inetum;Pierre;Dupont;participant003@fixture.example.com
inetum;Sophie;Roussel;participant004@fixture.example.com
inetum;Lucas;Dumont;participant005@fixture.example.com
inetum;Emma;Brun;participant006@fixture.example.com
inetum;Thomas;Guillaume;participant007@fixture.example.com
inetum;Julie;Meunier;participant008@fixture.example.com
inetum;Nicolas;Reynaud;participant009@fixture.example.com
inetum;Camille;Lemoine;participant010@fixture.example.com
inetum;Antoine;Garcia;participant011@fixture.example.com
inetum;Léa;Gautier;participant012@fixture.example.com
inetum;Julien;Jacquet;participant013@fixture.example.com
inetum;Sarah;Jacques;participant014@fixture.example.com
inetum;Maxime;Thomas;participant015@fixture.example.com
inetum;Claire;Laurent;participant016@fixture.example.com
inetum;Arnaud;Bertrand;participant017@fixture.example.com
inetum;Pauline;Fontaine;participant018@fixture.example.com
inetum;David;Perrot;participant019@fixture.example.com
inetum;Laura;Fabre;participant020@fixture.example.com
inetum;Florian;Faure;participant021@fixture.example.com
inetum;Audrey;Duval;participant022@fixture.example.com
inetum;Mathieu;Marchal;participant023@fixture.example.com
inetum;Elodie;Huet;participant024@fixture.example.com
inetum;Romain;Benoit;participant025@fixture.example.com
inetum;Isabelle;Fleury;participant026@fixture.example.com
inetum;Christophe;Lemaire;participant027@fixture.example.com
inetum;Valérie;Royer;participant028@fixture.example.com
inetum;Fabien;Lamy;participant029@fixture.example.com
inetum;Nathalie;Robert;participant030@fixture.example.com
inetum;Guillaume;Michel;participant031@fixture.example.com
inetum;Céline;Fournier;participant032@fixture.example.com
inetum;Olivier;Vincent;participant033@fixture.example.com
inetum;Sandrine;Mathieu;participant034@fixture.example.com
inetum;Sébastien;Guerin;participant035@fixture.example.com
inetum;Marion;Picard;participant036@fixture.example.com
inetum;Vincent;Colin;participant037@fixture.example.com
inetum;Amélie;Roche;participant038@fixture.example.com
inetum;Benjamin;Cousin;participant039@fixture.example.com
inetum;Caroline;Rolland;participant040@fixture.example.com
inetum;Alexandre;Pons;participant041@fixture.example.com
inetum;Jessica;Marty;participant042@fixture.example.com
inetum;Laurent;Lacroix;participant043@fixture.example.com
inetum;Melanie;Lopez;participant044@fixture.example.com
inetum;François;Durand;participant045@fixture.example.com
inetum;Stéphanie;Leroy;participant046@fixture.example.com
inetum;Eric;Bonnet;participant047@fixture.example.com
inetum;Virginie;Henry;participant048@fixture.example.com
inetum;Patrick;Gauthier;participant049@fixture.example.com
inetum;Béatrice;Barbier;participant050@fixture.example.com
inetum;Damien;Vidal;participant051@fixture.example.com
inetum;Christine;Noel;participant052@fixture.example.com
inetum;Bruno;Da Silva;participant053@fixture.example.com
inetum;Patricia;Carpentier;participant054@fixture.example.com
inetum;Michel;Fernandez;participant055@fixture.example.com
inetum;Corinne;Joly;participant056@fixture.example.com
inetum;Yves;Breton;participant057@fixture.example.com
inetum;Annie;Poirier;participant058@fixture.example.com
inetum;Philippe;Bernard;participant059@fixture.example.com
inetum;Isabelle;Moreau;participant060@fixture.example.com
inetum;Richard;David;participant061@fixture.example.com
inetum;Véronique;Lambert;participant062@fixture.example.com
inetum;Denis;Nicolas;participant063@fixture.example.com
inetum;Martine;Lopez;participant064@fixture.example.com
inetum;Robert;Garnier;participant065@fixture.example.com
inetum;Nadine;Andre;participant066@fixture.example.com
inetum;Alain;Perrin;participant067@fixture.example.com
inetum;Dominique;Caron;participant068@fixture.example.com
inetum;Bernard;Giraud;participant069@fixture.example.com
inetum;Monique;Munoz;participant070@fixture.example.com
inetum;Marc;Poirier;participant071@fixture.example.com
inetum;Sylvie;Pascal;participant072@fixture.example.com
inetum;Frédéric;Schneider;participant073@fixture.example.com
inetum;Catherine;Petit;participant074@fixture.example.com
inetum;Stéphane;Simon;participant075@fixture.example.com
inetum;Brigitte;Morel;participant076@fixture.example.com
inetum;Gilles;Rousseau;participant077@fixture.example.com
inetum;Françoise;Morin;participant078@fixture.example.com
inetum;Henri;Blanc;participant079@fixture.example.com
inetum;Jacqueline;Arnaud;participant080@fixture.example.com
inetum;André;Rey;participant081@fixture.example.com
inetum;Madeleine;Baron;participant082@fixture.example.com
inetum;Daniel;Gomez;participant083@fixture.example.com
inetum;Chantal;Leclerc;participant084@fixture.example.com
inetum;Roger;Renaud;participant085@fixture.example.com
inetum;Danielle;Perrot;participant086@fixture.example.com
inetum;Jacques;Lamy;participant087@fixture.example.com
inetum;Simone;Gonzalez;participant088@fixture.example.com
inetum;Louis;Richard;participant089@fixture.example.com
inetum;Monique;Lefebvre;participant090@fixture.example.com
inetum;Georges;Girard;participant091@fixture.example.com
inetum;Janine;Muller;participant092@fixture.example.com
inetum;René;Clement;participant093@fixture.example.com
inetum;Colette;Meyer;participant094@fixture.example.com
inetum;Claude;Marchand;participant095@fixture.example.com
inetum;Simone;Meunier;participant096@fixture.example.com
inetum;Paul;Legrand;participant097@fixture.example.com
inetum;Suzanne;Martinez;participant098@fixture.example.com
inetum;Marcel;Hubert;participant099@fixture.example.com
inetum;Henriette;Fischer;participant100@fixture.example.com